1668384000000,1222.4,1221,1221.01
1668384060000,1224.76,1219.6,1224.76
1668384120000,1225.55,1223.67,1225.48
1668384180000,1228.33,1224.9,1227.8
1668384240000,1230.54,1227.32,1228.13
1668384300000,1228.78,1226.06,1226.59
1668384360000,1226.59,1224.49,1225.09
1668384420000,1225.67,1221.89,1223.21
1668384480000,1223.39,1221.67,1222.09
1668384540000,1224,1222.09,1223.55
1668384600000,1225.2,1223.27,1224.47
1668384660000,1225.9,1224.14,1225.59
1668384720000,1228.66,1224.96,1228.55
1668384780000,1229.37,1226.9,1228.78
1668384840000,1228.94,1227.01,1228.21
1668384900000,1229.31,1227.24,1227.69
1668384960000,1228.3,1226.12,1228.16
1668385020000,1228.99,1227,1227.88
1668385080000,1227.89,1226,1226.26
1668385140000,1226.81,1226,1226.32
1668385200000,1226.65,1225.38,1226
1668385260000,1226.01,1224,1225.37
1668385320000,1225.37,1220,1221.24
1668385380000,1221.26,1218.38,1220.1
1668385440000,1220.11,1193.1,1194.16
1668385500000,1207.1,1194.16,1205.96
1668385560000,1209,1204.19,1205.37
1668385620000,1205.97,1201.01,1201.4
1668385680000,1208.07,1201.01,1206.91
1668385740000,1208.12,1204.07,1205.06
1668385800000,1205.07,1201.43,1202.91
1668385860000,1204.49,1202.62,1204.29
1668385920000,1208.75,1204.09,1206.89
1668385980000,1209.45,1206.89,1207.47
1668386040000,1208.69,1207.09,1208.59
1668386100000,1209.49,1206.58,1209.31
1668386160000,1211.72,1209.31,1210.06
1668386220000,1210.39,1208.17,1208.85
1668386280000,1210.13,1207.59,1208.86
1668386340000,1209.98,1208.07,1208.82
1668386400000,1209.5,1208.62,1209.06
1668386460000,1212.55,1209.06,1212.04
1668386520000,1214,1210.41,1213.52
1668386580000,1214.99,1212.57,1213.46
1668386640000,1213.99,1211,1211.36
1668386700000,1213.11,1211.19,1211.56
1668386760000,1212.11,1208.64,1209.02
1668386820000,1209.81,1207.82,1208.18
1668386880000,1209.43,1206.14,1207.48
1668386940000,1208.42,1206.42,1206.73
1668387000000,1207.96,1205,1207.47
1668387060000,1209.8,1207.44,1208.89
1668387120000,1212.02,1208.78,1209.9
1668387180000,1212.3,1209.9,1210.41
1668387240000,1211,1209.41,1209.89
1668387300000,1209.9,1208,1208.35
1668387360000,1209,1206.63,1208.99
1668387420000,1209.9,1204.99,1205.9
1668387480000,1207.37,1204.7,1205.7
1668387540000,1207,1205.38,1205.38
1668387600000,1206.57,1205,1205.4
1668387660000,1205.88,1204.58,1204.83
1668387720000,1205.42,1204.57,1204.76
1668387780000,1205,1204.53,1204.56
1668387840000,1209.2,1204.55,1208.8
1668387900000,1212.21,1208.54,1211.3
1668387960000,1211.9,1209.57,1211.1
1668388020000,1211.11,1207.25,1208.66
1668388080000,1209.5,1205.66,1205.99
1668388140000,1206.94,1205.65,1205.8
1668388200000,1206.99,1203.75,1203.81
1668388260000,1205,1202.43,1204.59
1668388320000,1205.38,1203.72,1204.42
1668388380000,1204.43,1202.29,1202.9
1668388440000,1203.4,1201.21,1201.92
1668388500000,1203.88,1201.47,1203.2
1668388560000,1206.48,1202.7,1204.74
1668388620000,1205,1201.5,1201.89
1668388680000,1203.13,1197.25,1200.12
1668388740000,1200.64,1197,1197.01
1668388800000,1198.57,1196.58,1197.69
1668388860000,1202.95,1197.43,1199.86
1668388920000,1201.98,1199.86,1200.11
1668388980000,1201.54,1200.11,1200.57
1668389040000,1203.49,1200.44,1201.69
1668389100000,1202.5,1200.57,1201.21
1668389160000,1202.12,1201,1201.38
1668389220000,1201.57,1199.62,1199.74
1668389280000,1199.74,1196.53,1198.53
1668389340000,1198.84,1197.01,1197.41
1668389400000,1199.84,1196.66,1198.85
1668389460000,1198.96,1193.21,1194.7
1668389520000,1195.99,1193.43,1195.49
1668389580000,1196,1194.65,1195.87
1668389640000,1196.96,1195.03,1196.18
1668389700000,1196.64,1193.68,1193.9
1668389760000,1194.2,1186.22,1190.82
1668389820000,1195,1189.62,1194.58
1668389880000,1194.89,1191.64,1193.18
1668389940000,1193.33,1187.29,1189.02
1668390000000,1191.99,1186.51,1188.2
1668390060000,1190,1187.64,1189.8
1668390120000,1190.43,1186.54,1187.13
1668390180000,1188.51,1183.12,1184.87
1668390240000,1186.93,1183.48,1185.91
1668390300000,1190,1185.82,1188.73
1668390360000,1189.67,1187.33,1188.28
1668390420000,1188.29,1182.38,1182.85
1668390480000,1185.31,1180.92,1183.18
1668390540000,1185.35,1183,1183.01
1668390600000,1188.46,1183,1188.35
1668390660000,1192.88,1188.35,1190.58
1668390720000,1192.5,1190,1190.01
1668390780000,1191.1,1188.68,1190.44
1668390840000,1190.44,1187.91,1189.3
1668390900000,1190.77,1189.15,1190.59
1668390960000,1191.68,1190,1190
1668391020000,1190.61,1190,1190.6
1668391080000,1191.38,1190.1,1190.51
1668391140000,1190.58,1190,1190.01
1668391200000,1192.61,1188.62,1192.09
1668391260000,1193.3,1189.72,1190.07
1668391320000,1190.12,1185.7,1185.7
1668391380000,1187.83,1182.71,1183.27
1668391440000,1185,1183.26,1185
1668391500000,1185,1182.73,1183.04
1668391560000,1183.82,1181.58,1182.15
1668391620000,1184.99,1180.62,1184.24
1668391680000,1184.25,1180.58,1180.97
1668391740000,1182.68,1178.69,1179.01
1668391800000,1181.93,1178.78,1180.05
1668391860000,1182,1174.23,1176.63
1668391920000,1177.89,1171.13,1177.84
1668391980000,1181.27,1177.67,1180.27
1668392040000,1180.73,1176.64,1177.2
1668392100000,1180.56,1177.19,1179.01
1668392160000,1181.11,1178.91,1180.79
1668392220000,1182.56,1180.3,1182.29
1668392280000,1182.91,1180.84,1181.47
1668392340000,1182.4,1180.7,1182
1668392400000,1185.36,1181.99,1184.37
1668392460000,1185.65,1183.1,1183.33
1668392520000,1184.92,1183.33,1183.74
1668392580000,1184.64,1183.36,1183.81
1668392640000,1184.22,1183.05,1184.21
1668392700000,1185.18,1183.98,1185.18
1668392760000,1186.49,1185.03,1185.98
1668392820000,1185.99,1185.02,1185.32
1668392880000,1185.38,1184.76,1185.07
1668392940000,1185.28,1183.83,1184.03
1668393000000,1187.69,1183.73,1187.25
1668393060000,1189.9,1186.18,1186.36
1668393120000,1187.79,1186.2,1187.78
1668393180000,1187.79,1186.65,1186.7
1668393240000,1186.71,1185.34,1186.28
1668393300000,1186.49,1185.21,1185.43
1668393360000,1186,1185.11,1185.99
1668393420000,1187,1185.99,1186.99
1668393480000,1187.33,1186,1186.49
1668393540000,1187.14,1185.81,1186.73
1668393600000,1186.73,1185.39,1186.51
1668393660000,1187.38,1186,1186.86
1668393720000,1188,1186.64,1187.95
1668393780000,1189.56,1187.6,1188.03
1668393840000,1188.34,1187.73,1188.3
1668393900000,1188.3,1186.6,1186.61
1668393960000,1187.18,1181.28,1183.65
1668394020000,1183.67,1181.01,1183.19
1668394080000,1189.1,1183.18,1185.75
1668394140000,1186.5,1185.5,1186.06
1668394200000,1186.06,1185.32,1185.49
1668394260000,1186.57,1185,1185.87
1668394320000,1185.87,1184.02,1184.02
1668394380000,1185.34,1183.27,1184.97
1668394440000,1185.58,1184.4,1185.57
1668394500000,1185.59,1184.99,1185.44
1668394560000,1186,1185.02,1185.75
1668394620000,1186.46,1185.75,1186.29
1668394680000,1189.34,1186.28,1188.45
1668394740000,1196.51,1188.45,1193.86
1668394800000,1194.8,1191.69,1194.8
1668394860000,1196.44,1192.51,1192.54
1668394920000,1194.33,1190.86,1191.54
1668394980000,1191.64,1189.57,1190.09
1668395040000,1190.5,1189.23,1189.4
1668395100000,1190.75,1189.38,1189.64
1668395160000,1190.04,1189.09,1189.67
1668395220000,1190.63,1189.41,1190.33
1668395280000,1190.33,1189.54,1190.21
1668395340000,1190.89,1190.14,1190.5
1668395400000,1190.51,1189.94,1190.08
1668395460000,1190.92,1189.56,1190.78
1668395520000,1191.15,1189.56,1190.1
1668395580000,1190.28,1189.51,1189.79
1668395640000,1190.36,1189.79,1190.35
1668395700000,1190.65,1190.08,1190.2
1668395760000,1190.96,1190.05,1190.71
1668395820000,1190.97,1190.2,1190.86
1668395880000,1190.87,1189.6,1189.71
1668395940000,1189.72,1187.42,1188.46
1668396000000,1189.55,1188.19,1188.93
1668396060000,1189.1,1188.45,1188.54
1668396120000,1188.9,1188.07,1188.39
1668396180000,1189.1,1188.32,1188.64
1668396240000,1191.09,1188.49,1190.97
1668396300000,1193.72,1190.96,1193.53
1668396360000,1195.68,1193.09,1195.47
1668396420000,1195.84,1193.71,1194.62
1668396480000,1194.62,1193.08,1193.36
1668396540000,1194.84,1193.2,1194.61
1668396600000,1194.61,1193.61,1194.57
1668396660000,1195.52,1194.15,1195.2
1668396720000,1195.9,1194.75,1195.9
1668396780000,1197.34,1195.23,1195.61
1668396840000,1197,1195.21,1196.63
1668396900000,1196.65,1195.8,1196.01
1668396960000,1197.28,1194.78,1196.92
1668397020000,1196.93,1195.58,1195.78
1668397080000,1197,1194.74,1196.99
1668397140000,1197,1195.22,1195.44
1668397200000,1196.56,1195.43,1195.8
1668397260000,1197.11,1195.61,1196.23
1668397320000,1196.71,1195.79,1195.8
1668397380000,1196,1193.81,1194.53
1668397440000,1194.53,1193.56,1194.11
1668397500000,1194.49,1193.56,1193.85
1668397560000,1195.7,1193.5,1195.43
1668397620000,1196.5,1195.43,1196.49
1668397680000,1197.14,1195.9,1196.95
1668397740000,1199.03,1196.77,1197.98
1668397800000,1198.11,1196.07,1196.34
1668397860000,1196.42,1194,1194.08
1668397920000,1194.63,1193.14,1193.8
1668397980000,1193.97,1193.07,1193.96
1668398040000,1193.98,1193.33,1193.43
1668398100000,1193.44,1192.36,1192.6
1668398160000,1193.86,1192.6,1193.86
1668398220000,1194.02,1193.5,1193.5
1668398280000,1193.57,1192.43,1193.11
1668398340000,1193.99,1192.85,1193.03
1668398400000,1193.34,1191.97,1193.08
1668398460000,1193.72,1192.87,1193.12
1668398520000,1193.53,1192.98,1193.42
1668398580000,1193.48,1191.77,1191.83
1668398640000,1193.29,1191.27,1192.96
1668398700000,1193.23,1192.24,1193.2
1668398760000,1193.35,1192.67,1193.08
1668398820000,1193.28,1192.31,1192.93
1668398880000,1192.93,1191.63,1192.03
1668398940000,1192.43,1190.95,1191.16
1668399000000,1191.59,1189.83,1190.34
1668399060000,1192.42,1190.18,1192.39
1668399120000,1192.65,1191.9,1191.9
1668399180000,1192.17,1191.43,1191.7
1668399240000,1191.78,1190.67,1190.75
1668399300000,1190.83,1189.63,1189.64
1668399360000,1190.59,1188,1188.64
1668399420000,1189.09,1188.07,1188.14
1668399480000,1188.53,1182,1182.01
1668399540000,1184.66,1178,1180.49
1668399600000,1183.9,1178,1182.71
1668399660000,1185.53,1182.4,1184.97
1668399720000,1186,1183.73,1185.56
1668399780000,1185.89,1183.73,1185.35
1668399840000,1186.95,1184.9,1185.31
1668399900000,1186.43,1184.3,1185.35
1668399960000,1185.78,1184.15,1184.28
1668400020000,1185.33,1183.9,1184.13
1668400080000,1185.28,1184.09,1184.26
1668400140000,1184.66,1181.5,1181.61
1668400200000,1185,1181.04,1184.23
1668400260000,1186.4,1184.22,1185.8
1668400320000,1187.43,1185.29,1187.43
1668400380000,1187.88,1185.93,1187.56
1668400440000,1187.56,1186.01,1186.2
1668400500000,1186.4,1185.29,1185.55
1668400560000,1185.63,1182.62,1183.27
1668400620000,1183.28,1181.32,1182.87
1668400680000,1182.88,1181.14,1181.57
1668400740000,1182.4,1181,1181.27
1668400800000,1181.47,1179.49,1180.19
1668400860000,1181.14,1180.09,1180.62
1668400920000,1180.69,1176.71,1176.76
1668400980000,1178.89,1176.36,1178.16
1668401040000,1180.21,1177.46,1177.8
1668401100000,1179.3,1175.66,1179.3
1668401160000,1180.95,1178.86,1180.17
1668401220000,1180.68,1179.32,1179.7
1668401280000,1180.58,1179.7,1180.57
1668401340000,1182.13,1180.51,1181.91
1668401400000,1182.03,1180.79,1180.95
1668401460000,1181.83,1180.73,1181.75
1668401520000,1182.35,1180.45,1180.46
1668401580000,1180.77,1179.73,1179.87
1668401640000,1182.23,1179.87,1181.9
1668401700000,1183.82,1181.89,1183.5
1668401760000,1183.63,1182.39,1182.75
1668401820000,1185.54,1182.05,1185.42
1668401880000,1187.04,1183.57,1185.6
1668401940000,1186.62,1185,1185.28
1668402000000,1185.38,1184.41,1185.21
1668402060000,1186.16,1184.93,1185.93
1668402120000,1186.78,1185.92,1186.77
1668402180000,1187.23,1186.25,1187.01
1668402240000,1187.27,1186.46,1186.48
1668402300000,1186.48,1185.23,1185.52
1668402360000,1185.93,1185.11,1185.21
1668402420000,1185.98,1184.89,1185.98
1668402480000,1187.78,1185.97,1187.61
1668402540000,1187.7,1187.13,1187.3
1668402600000,1187.8,1186.46,1186.52
1668402660000,1187.37,1186.15,1186.15
1668402720000,1186.73,1185.4,1186.72
1668402780000,1187.7,1186.25,1186.26
1668402840000,1186.42,1185.62,1186.4
1668402900000,1186.82,1185.95,1186.39
1668402960000,1187.15,1186.21,1186.48
1668403020000,1187.29,1186.48,1187.02
1668403080000,1187.67,1187.01,1187.66
1668403140000,1190,1187.66,1188.13
1668403200000,1189.28,1188.08,1189.26
1668403260000,1189.63,1187.81,1188.97
1668403320000,1189.3,1188.24,1188.53
1668403380000,1189.1,1188,1188.13
1668403440000,1188.39,1187.69,1187.96
1668403500000,1188.31,1187.75,1187.86
1668403560000,1187.86,1187.4,1187.86
1668403620000,1187.86,1186.43,1186.44
1668403680000,1187.3,1186.27,1186.45
1668403740000,1187.02,1185.6,1186.31
1668403800000,1186.31,1185.36,1186.18
1668403860000,1187.66,1186.18,1187.5
1668403920000,1187.77,1186.82,1187.57
1668403980000,1187.57,1184.9,1185.88
1668404040000,1185.97,1183.12,1183.94
1668404100000,1184.41,1180,1180.33
1668404160000,1184.25,1180.21,1183.5
1668404220000,1185.59,1182.92,1184.21
1668404280000,1186.76,1184.2,1186.03
1668404340000,1186.04,1184,1184.01
1668404400000,1184.2,1182.64,1182.64
1668404460000,1182.66,1178.66,1179.42
1668404520000,1180.99,1177.61,1180.27
1668404580000,1181.44,1177.59,1177.95
1668404640000,1179.8,1177,1179.16
1668404700000,1182.86,1179.16,1179.5
1668404760000,1179.51,1175.43,1177.44
1668404820000,1180.03,1177.13,1179.64
1668404880000,1182.97,1179.05,1181.77
1668404940000,1182.5,1180.65,1182.02
1668405000000,1183.9,1181.27,1182.21
1668405060000,1183.28,1182.2,1182.65
1668405120000,1183.16,1182.06,1183.07
1668405180000,1184.81,1182.5,1184.22
1668405240000,1184.36,1182.64,1183.09
1668405300000,1183.45,1182.02,1183.44
1668405360000,1183.48,1181.75,1182.51
1668405420000,1182.92,1181.45,1181.56
1668405480000,1182.96,1181.45,1182.44
1668405540000,1182.48,1181.59,1181.6
1668405600000,1182.89,1179.77,1182.89
1668405660000,1184.38,1182.7,1183.58
1668405720000,1183.59,1182.5,1182.51
1668405780000,1183.73,1181.85,1183.72
1668405840000,1185,1183.48,1184.87
1668405900000,1185.42,1183.74,1184.85
1668405960000,1185.08,1183.18,1183.42
1668406020000,1183.98,1181.84,1181.91
1668406080000,1183.44,1181.91,1182.99
1668406140000,1185.14,1182.99,1184.99
1668406200000,1185.16,1184.3,1184.49
1668406260000,1184.49,1182.08,1182.08
1668406320000,1182.09,1179.91,1180.31
1668406380000,1180.48,1178.04,1178.04
1668406440000,1179.31,1177.9,1178.99
1668406500000,1180.27,1178.8,1179.25
1668406560000,1180.25,1179,1180.01
1668406620000,1183.75,1180,1183.12
1668406680000,1185.21,1183.12,1183.65
1668406740000,1184.47,1181.3,1181.37
1668406800000,1182.27,1179.93,1182.27
1668406860000,1182.71,1181.02,1181.06
1668406920000,1181.91,1180.65,1181.63
1668406980000,1181.64,1180.42,1180.88
1668407040000,1183.85,1180.8,1183.65
1668407100000,1184.32,1183,1183.65
1668407160000,1183.66,1182.01,1182.93
1668407220000,1183.96,1182.89,1183.74
1668407280000,1184.19,1183.35,1184.19
1668407340000,1185.3,1184.18,1184.45
1668407400000,1185.09,1184.09,1184.6
1668407460000,1185.73,1184.1,1185.38
1668407520000,1185.38,1184.11,1185.19
1668407580000,1185.96,1184.98,1185.83
1668407640000,1186.76,1185.43,1186.4
1668407700000,1186.94,1185.58,1186.1
1668407760000,1187.99,1185.67,1187.28
1668407820000,1187.54,1186.25,1186.63
1668407880000,1188.5,1186.54,1188.44
1668407940000,1188.6,1187.75,1188.35
1668408000000,1193.36,1187.88,1192.98
1668408060000,1205.14,1192.97,1203.91
1668408120000,1216.76,1202.87,1204.03
1668408180000,1234,1203.75,1221.1
1668408240000,1224.5,1213.63,1213.63
1668408300000,1217.36,1210.37,1211.43
1668408360000,1213.93,1208.08,1208.92
1668408420000,1215.16,1203.62,1213.78
1668408480000,1215.86,1211.51,1215.39
1668408540000,1225.64,1214.55,1223.83
1668408600000,1225.49,1219.41,1222.48
1668408660000,1230,1221.28,1229.3
1668408720000,1235.75,1228.39,1231.64
1668408780000,1232.92,1228.9,1230.57
1668408840000,1231.1,1224.06,1227.17
1668408900000,1228.01,1225.31,1227.07
1668408960000,1231.61,1226.62,1230.56
1668409020000,1233.45,1229.64,1229.64
1668409080000,1241.81,1228.61,1237.67
1668409140000,1242.92,1234.11,1236.84
1668409200000,1238.17,1231.62,1234.4
1668409260000,1234.41,1228.85,1229.96
1668409320000,1233.38,1229.9,1233.02
1668409380000,1233.34,1229.72,1230.66
1668409440000,1234.92,1230.03,1234.57
1668409500000,1234.9,1230.82,1231.5
1668409560000,1231.51,1228.12,1230.47
1668409620000,1231.88,1229.57,1231.79
1668409680000,1233,1230.64,1232.71
1668409740000,1234.49,1231.27,1232.07
1668409800000,1234.38,1231.62,1233.83
1668409860000,1234.99,1230.15,1230.34
1668409920000,1234,1230.16,1234
1668409980000,1235.16,1233.36,1234.96
1668410040000,1234.96,1233.5,1234.16
1668410100000,1234.48,1231.34,1231.77
1668410160000,1232.36,1227.17,1227.75
1668410220000,1228.17,1226.54,1227.02
1668410280000,1230.54,1226.76,1226.85
1668410340000,1228.54,1225.94,1226.89
1668410400000,1229.98,1226.28,1229.11
1668410460000,1231.73,1228.53,1231.08
1668410520000,1231.43,1229.72,1231.11
1668410580000,1232.5,1230.05,1232.26
1668410640000,1235.87,1232.12,1235.45
1668410700000,1240.44,1234.82,1239.97
1668410760000,1250.45,1239.7,1245.8
1668410820000,1248.47,1244.4,1247.25
1668410880000,1248.48,1245.16,1248.33
1668410940000,1256.67,1248.23,1253.58
1668411000000,1255.01,1249.31,1253.02
1668411060000,1257.83,1248.5,1250
1668411120000,1251,1248.94,1249.04
1668411180000,1251.83,1248.24,1250.59
1668411240000,1252.77,1249.39,1250.86
1668411300000,1255.33,1250.83,1254.92
1668411360000,1258,1252.04,1257.92
1668411420000,1260.97,1256.06,1256.06
1668411480000,1256.07,1252.28,1252.33
1668411540000,1252.75,1250.01,1250.46
1668411600000,1251.48,1250.15,1251.15
1668411660000,1251.78,1250.44,1250.66
1668411720000,1254.18,1250,1253.72
1668411780000,1255.83,1252.69,1254.02
1668411840000,1255.97,1251.23,1253.86
1668411900000,1257.42,1251.83,1254.66
1668411960000,1256.17,1250,1250.18
1668412020000,1251.19,1249.11,1250.95
1668412080000,1252.34,1250.51,1251.89
1668412140000,1253.33,1251,1251.68
1668412200000,1255.1,1251.67,1254.17
1668412260000,1260.18,1254.01,1260.18
1668412320000,1262,1257.07,1257.11
1668412380000,1258,1255.23,1255.32
1668412440000,1255.44,1253.01,1254.38
1668412500000,1256.49,1254.38,1256.04
1668412560000,1258,1255.5,1256.81
1668412620000,1257.61,1255.74,1256.55
1668412680000,1261,1256.18,1256.64
1668412740000,1260.54,1256.13,1260.07
1668412800000,1265,1259.99,1261.98
1668412860000,1266.9,1261.83,1266.22
1668412920000,1266.7,1261,1263.93
1668412980000,1268,1263.93,1266.23
1668413040000,1271.94,1266.23,1270.53
1668413100000,1271.21,1267.66,1269.47
1668413160000,1269.87,1266.07,1267.13
1668413220000,1268.59,1263.32,1263.92
1668413280000,1265.81,1263.32,1263.46
1668413340000,1265.4,1263.38,1264.94
1668413400000,1266.35,1264.77,1264.85
1668413460000,1267.89,1264.3,1267.36
1668413520000,1272.92,1267.33,1272.91
1668413580000,1276.26,1267.34,1267.35
1668413640000,1270.45,1267.3,1269.64
1668413700000,1272.61,1269.14,1271.54
1668413760000,1271.54,1265.98,1267.35
1668413820000,1268.67,1264.41,1265.57
1668413880000,1267.5,1264.88,1266.32
1668413940000,1266.45,1263.76,1264.52
1668414000000,1267.27,1264.52,1266.5
1668414060000,1266.66,1265.5,1265.64
1668414120000,1265.8,1262.98,1263.32
1668414180000,1266.72,1263.2,1265.15
1668414240000,1266.48,1263.43,1264.73
1668414300000,1266.65,1262.78,1266.44
1668414360000,1268,1265,1265.99
1668414420000,1266.64,1264.08,1264.29
1668414480000,1265.09,1263.5,1263.99
1668414540000,1264.95,1262.92,1264.65
1668414600000,1267.15,1264.14,1266.94
1668414660000,1267.33,1265.28,1266
1668414720000,1266.92,1264.61,1264.71
1668414780000,1266.76,1264.71,1265.29
1668414840000,1266.1,1264.78,1266.1
1668414900000,1266.76,1263.4,1263.68
1668414960000,1263.68,1258.88,1259.54
1668415020000,1260.89,1258.85,1260.6
1668415080000,1261,1257.14,1257.84
1668415140000,1259.87,1257.5,1257.79
1668415200000,1260,1257.79,1260
1668415260000,1262.89,1259.99,1261.84
1668415320000,1264.28,1261.83,1263.69
1668415380000,1264.01,1261.77,1262.43
1668415440000,1263.11,1262,1262.4
1668415500000,1263,1262.33,1262.43
1668415560000,1263.09,1261.23,1261.24
1668415620000,1261.24,1260,1260.18
1668415680000,1261.67,1259.39,1260.85
1668415740000,1261.92,1260.23,1260.64
1668415800000,1262.42,1259.66,1262.42
1668415860000,1264.13,1262.41,1262.98
1668415920000,1263,1261.36,1262.87
1668415980000,1263.37,1262.12,1262.4
1668416040000,1263.12,1261.44,1262.83
1668416100000,1263.82,1262.44,1262.64
1668416160000,1263.5,1261.61,1263.24
1668416220000,1264.78,1262.73,1264.76
1668416280000,1264.77,1262.08,1262.54
1668416340000,1262.73,1260.77,1261.73
1668416400000,1263,1261.19,1261.2
1668416460000,1261.23,1258.53,1258.53
1668416520000,1258.93,1255.31,1255.94
1668416580000,1259,1255.73,1257.75
1668416640000,1259.15,1256.61,1256.68
1668416700000,1258.46,1256.44,1256.66
1668416760000,1256.83,1255.17,1255.39
1668416820000,1256.4,1253.84,1256.4
1668416880000,1257.04,1254.13,1254.13
1668416940000,1255.04,1253.88,1255
1668417000000,1256.74,1254.69,1256.67
1668417060000,1257,1255.41,1256.36
1668417120000,1256.74,1255.34,1256.31
1668417180000,1256.98,1255.75,1256.39
1668417240000,1257,1255.21,1255.47
1668417300000,1256.37,1254.81,1254.81
1668417360000,1257.37,1254.51,1256.9
1668417420000,1256.9,1254.06,1254.51
1668417480000,1254.51,1252.03,1252.65
1668417540000,1255.22,1252,1253.39
1668417600000,1256.93,1253.27,1256.92
1668417660000,1260.76,1256.92,1259.28
1668417720000,1259.52,1258.07,1259.14
1668417780000,1259.84,1258.31,1258.32
1668417840000,1258.87,1258.19,1258.52
1668417900000,1259.92,1258.07,1258.5
1668417960000,1260.73,1258.26,1259.66
1668418020000,1260.11,1258.48,1259.72
1668418080000,1259.73,1258.81,1258.84
1668418140000,1259.5,1258,1258.97
1668418200000,1258.99,1258.3,1258.57
1668418260000,1258.57,1256.47,1257.85
1668418320000,1259.34,1257.69,1259.19
1668418380000,1260.12,1258.58,1259.2
1668418440000,1259.35,1258.3,1258.71
1668418500000,1259.73,1258.48,1259.73
1668418560000,1261.03,1259.69,1261.03
1668418620000,1262.24,1260.73,1262.19
1668418680000,1265,1261.66,1261.8
1668418740000,1262,1260.68,1261.11
1668418800000,1261.12,1259.7,1260.91
1668418860000,1261.68,1260.56,1261.22
1668418920000,1262.03,1261.1,1261.75
1668418980000,1262.42,1261.75,1262.41
1668419040000,1264.38,1262.33,1263.77
1668419100000,1263.86,1260.94,1261.33
1668419160000,1262.85,1261.33,1262.51
1668419220000,1263.2,1261.56,1262.31
1668419280000,1263.62,1262.05,1262.63
1668419340000,1263.29,1262.15,1262.51
1668419400000,1262.71,1261.03,1261.03
1668419460000,1261.04,1259.38,1259.62
1668419520000,1260.79,1259.38,1260.57
1668419580000,1262.85,1259.4,1261.49
1668419640000,1262.3,1260.71,1261.26
1668419700000,1261.27,1259.63,1260.76
1668419760000,1260.77,1259.25,1259.4
1668419820000,1259.77,1259.35,1259.49
1668419880000,1260.46,1256.89,1257.31
1668419940000,1257.79,1256.44,1257.31
1668420000000,1257.56,1256.27,1257.13
1668420060000,1257.98,1252.89,1253.59
1668420120000,1256.6,1253.09,1256.59
1668420180000,1259.07,1256.59,1258.74
1668420240000,1259.43,1257.33,1257.49
1668420300000,1257.54,1256.39,1256.39
1668420360000,1256.55,1255.39,1256.02
1668420420000,1257.38,1255.64,1256.4
1668420480000,1257.06,1255.68,1255.94
1668420540000,1257.2,1255.17,1257.19
1668420600000,1257.62,1255.01,1255.01
1668420660000,1255.97,1254.63,1255.56
1668420720000,1256.75,1255.23,1255.35
1668420780000,1255.86,1255.11,1255.37
1668420840000,1256.16,1255.36,1255.51
1668420900000,1256.1,1254.82,1255.3
1668420960000,1255.48,1254.64,1254.66
1668421020000,1254.96,1254,1254.34
1668421080000,1254.95,1254.11,1254.48
1668421140000,1256.72,1254.3,1255.83
1668421200000,1258.48,1255.83,1257.54
1668421260000,1258.33,1257.26,1257.26
1668421320000,1257.94,1257.26,1257.47
1668421380000,1257.48,1257,1257.1
1668421440000,1257.6,1255.65,1255.78
1668421500000,1257,1255.78,1257
1668421560000,1258.17,1256.91,1257.73
1668421620000,1257.84,1256.77,1257.42
1668421680000,1259.33,1257.21,1259.05
1668421740000,1259.06,1256.07,1257
1668421800000,1258.88,1256.99,1258.61
1668421860000,1259.76,1258.41,1259.54
1668421920000,1260,1258.78,1259.17
1668421980000,1260.98,1258.99,1260.63
1668422040000,1260.96,1259.71,1259.92
1668422100000,1259.98,1258.66,1259.08
1668422160000,1260.5,1258.33,1260.49
1668422220000,1261.64,1260.22,1261.64
1668422280000,1263.49,1260.35,1260.51
1668422340000,1261.29,1258.91,1260.12
1668422400000,1261.28,1259.86,1260.89
1668422460000,1261.32,1259.16,1259.16
1668422520000,1260.38,1259.16,1259.99
1668422580000,1260.9,1259.71,1260.06
1668422640000,1260.51,1259.05,1260.06
1668422700000,1262.07,1260.05,1261.18
1668422760000,1262.43,1261.18,1261.57
1668422820000,1261.65,1260,1260.01
1668422880000,1261.36,1258.5,1258.5
1668422940000,1258.73,1257.1,1258.06
1668423000000,1259.48,1258.06,1259.47
1668423060000,1260.83,1259.44,1259.83
1668423120000,1260.23,1259.07,1259.9
1668423180000,1260.58,1259.9,1260.2
1668423240000,1260.27,1259.33,1260.04
1668423300000,1261.17,1260.03,1260.7
1668423360000,1261.46,1260.69,1261.29
1668423420000,1261.83,1261.09,1261.38
1668423480000,1261.58,1260.56,1260.56
1668423540000,1260.89,1259.31,1260.55
1668423600000,1261.46,1260.14,1261.14
1668423660000,1262.5,1260.64,1262.22
1668423720000,1262.49,1261.34,1262.05
1668423780000,1262.83,1261.5,1261.5
1668423840000,1261.51,1260,1260.15
1668423900000,1260.67,1260,1260.44
1668423960000,1260.89,1260.18,1260.55
1668424020000,1262.54,1260.46,1262.31
1668424080000,1263.2,1261.55,1261.69
1668424140000,1261.69,1260.38,1260.5
1668424200000,1261.34,1260.38,1260.98
1668424260000,1262.25,1260.77,1261.02
1668424320000,1261.16,1259.9,1261.15
1668424380000,1262.74,1261.15,1262.57
1668424440000,1264.28,1262.09,1262.29
1668424500000,1262.85,1261.69,1261.93
1668424560000,1262.57,1261.65,1262.32
1668424620000,1269.99,1261.64,1267.31
1668424680000,1267.38,1262.12,1262.59
1668424740000,1262.6,1258.89,1258.99
1668424800000,1259,1257.52,1257.9
1668424860000,1262.5,1257.5,1260.86
1668424920000,1261.87,1258.96,1260.12
1668424980000,1260.55,1258.31,1258.31
1668425040000,1259.5,1257.1,1258.14
1668425100000,1258.26,1256.21,1256.22
1668425160000,1257.78,1256.04,1256.22
1668425220000,1256.86,1255.7,1255.82
1668425280000,1257.91,1255.81,1257.46
1668425340000,1257.95,1257,1257.45
1668425400000,1257.46,1255.55,1256.36
1668425460000,1256.93,1255,1255.07
1668425520000,1255.52,1254.72,1255.01
1668425580000,1255.02,1253.63,1253.8
1668425640000,1255,1253.3,1254.79
1668425700000,1255.52,1254.24,1255.41
1668425760000,1256.37,1255.39,1255.95
1668425820000,1256.51,1255.13,1256.51
1668425880000,1256.51,1255.6,1255.64
1668425940000,1255.74,1253.69,1254.09
1668426000000,1255.48,1253.6,1255.39
1668426060000,1256,1254.69,1255.99
1668426120000,1256,1255.4,1255.99
1668426180000,1256.77,1255.73,1256.14
1668426240000,1256.43,1255.01,1255.36
1668426300000,1256.46,1255.07,1256.02
1668426360000,1256.89,1256.02,1256.49
1668426420000,1257.64,1256.49,1257.02
1668426480000,1257.02,1255.5,1255.5
1668426540000,1255.69,1254.85,1255.31
1668426600000,1255.68,1254.5,1255.21
1668426660000,1255.74,1254.71,1254.71
1668426720000,1256.08,1254.71,1255.05
1668426780000,1255.98,1254.89,1255.36
1668426840000,1255.37,1254.07,1254.16
1668426900000,1256.27,1254.11,1255.89
1668426960000,1255.89,1254.77,1254.99
1668427020000,1255.28,1254.23,1255.28
1668427080000,1255.29,1253.18,1253.19
1668427140000,1254.14,1252.17,1252.33
1668427200000,1253.51,1252.08,1252.77
1668427260000,1253.29,1252.66,1252.74
1668427320000,1252.75,1248.66,1249
1668427380000,1250.32,1245.29,1246.94
1668427440000,1248.6,1244.79,1245.54
1668427500000,1246.51,1243.59,1246.16
1668427560000,1249.66,1246.16,1249.65
1668427620000,1250.11,1248.04,1249.38
1668427680000,1250,1247.81,1247.81
1668427740000,1248.18,1245.94,1246.99
1668427800000,1249,1246.99,1247.75
1668427860000,1249.24,1247.64,1249.23
1668427920000,1253.07,1249.07,1252.43
1668427980000,1254.84,1252.42,1254.07
1668428040000,1254.08,1253.13,1253.2
1668428100000,1255.21,1253.2,1255.16
1668428160000,1255.24,1253.19,1253.85
1668428220000,1253.86,1252.45,1252.99
1668428280000,1254.66,1252.91,1254.08
1668428340000,1254.72,1253.28,1253.29
1668428400000,1254.59,1253.03,1254.13
1668428460000,1254.51,1253.9,1254.31
1668428520000,1255.34,1253.98,1255.34
1668428580000,1255.5,1255.04,1255.18
1668428640000,1256.31,1255.09,1255.22
1668428700000,1257.98,1255.22,1256.81
1668428760000,1259.78,1256.81,1258.32
1668428820000,1262.06,1258.15,1262.06
1668428880000,1262.41,1261.08,1261.67
1668428940000,1261.95,1260.94,1261.62
1668429000000,1261.63,1260,1260.18
1668429060000,1260.97,1260,1260.66
1668429120000,1265.13,1260.41,1265.07
1668429180000,1265.52,1263.36,1264.48
1668429240000,1267.22,1263.11,1265.81
1668429300000,1265.82,1264.58,1265.43
1668429360000,1265.43,1263.74,1264.14
1668429420000,1264.36,1262.19,1262.85
1668429480000,1263.4,1260.98,1261.54
1668429540000,1263.37,1261.39,1262.17
1668429600000,1264.6,1262.17,1263.54
1668429660000,1265,1263.53,1263.66
1668429720000,1263.98,1262.52,1263.46
1668429780000,1263.46,1262.54,1262.72
1668429840000,1263.06,1261.22,1261.7
1668429900000,1262.22,1260.75,1260.85
1668429960000,1262.2,1260.85,1262.08
1668430020000,1264.38,1262.07,1263.22
1668430080000,1264.11,1262.89,1263.86
1668430140000,1264.05,1262.74,1262.74
1668430200000,1264,1262.74,1263.48
1668430260000,1264.65,1263.35,1264.64
1668430320000,1265,1264.64,1264.94
1668430380000,1265.42,1263.93,1265.42
1668430440000,1265.78,1264,1264.33
1668430500000,1264.34,1261.97,1262.13
1668430560000,1262.74,1261.52,1262.44
1668430620000,1263.25,1262.02,1263.24
1668430680000,1264,1262.03,1263.3
1668430740000,1265.41,1262.7,1264.32
1668430800000,1265.04,1263.56,1264.47
1668430860000,1264.81,1262.49,1263.16
1668430920000,1264.84,1262.01,1264.3
1668430980000,1265.59,1263.08,1264.19
1668431040000,1265.79,1262.74,1265.77
1668431100000,1268.41,1264.61,1267.45
1668431160000,1276,1266.64,1272
1668431220000,1273.13,1265,1265
1668431280000,1266,1260.99,1261.72
1668431340000,1263,1259.23,1260.37
1668431400000,1262.15,1258.41,1262.15
1668431460000,1264.44,1261.1,1264.31
1668431520000,1270.65,1264.06,1267.69
1668431580000,1283,1267.69,1281.65
1668431640000,1286.11,1277.41,1279.52
1668431700000,1282.5,1276.39,1279.06
1668431760000,1279.23,1276.34,1277.59
1668431820000,1277.59,1273.71,1274.64
1668431880000,1278.47,1274.31,1277.3
1668431940000,1278.5,1276.03,1277.92
1668432000000,1278.5,1275.32,1275.84
1668432060000,1278.38,1275.41,1277.95
1668432120000,1280.38,1277.85,1279.86
1668432180000,1286.39,1279.64,1284.94
1668432240000,1288.78,1282.81,1285.2
1668432300000,1285.35,1282.02,1283.41
1668432360000,1284.52,1282.14,1284.26
1668432420000,1289.4,1283.3,1289.24
1668432480000,1291.2,1287,1289.77
1668432540000,1290.61,1287,1288.46
1668432600000,1289.71,1283.99,1284.2
1668432660000,1285.61,1282.37,1284.34
1668432720000,1284.34,1280.99,1283
1668432780000,1283.95,1282.35,1283.01
1668432840000,1286.77,1282.54,1284.3
1668432900000,1285.98,1284,1284
1668432960000,1284.58,1282.07,1282.31
1668433020000,1282.74,1280,1281.9
1668433080000,1283.5,1281.25,1281.83
1668433140000,1282.49,1281.17,1281.94
1668433200000,1283.27,1281.56,1282.38
1668433260000,1283.48,1282.06,1282.73
1668433320000,1282.86,1280,1280.01
1668433380000,1280.69,1278.72,1279.07
1668433440000,1279.95,1278.11,1279.6
1668433500000,1279.94,1279,1279.18
1668433560000,1280.4,1279,1279.39
1668433620000,1280.64,1279.2,1280.24
1668433680000,1281.96,1278.3,1278.3
1668433740000,1278.52,1264.01,1264.34
1668433800000,1267.82,1250.01,1257.88
1668433860000,1257.89,1240,1245.92
1668433920000,1256.5,1245.92,1254.23
1668433980000,1254.28,1249.56,1250.33
1668434040000,1252.96,1248.02,1250.08
1668434100000,1252.7,1249.88,1251.63
1668434160000,1270,1250.75,1268.92
1668434220000,1270,1258,1258.46
1668434280000,1263,1256.62,1258.53
1668434340000,1261.39,1258.47,1259.16
1668434400000,1260.59,1253.45,1253.94
1668434460000,1259.23,1253.77,1257.13
1668434520000,1259.2,1255.14,1255.33
1668434580000,1257.75,1255.32,1257.23
1668434640000,1257.8,1254.89,1255.62
1668434700000,1260.76,1255.01,1258.94
1668434760000,1260.39,1257.6,1259.58
1668434820000,1263.83,1259.57,1263.01
1668434880000,1263.25,1259.96,1260.28
1668434940000,1262.65,1260.28,1261.07
1668435000000,1262.78,1260.44,1260.99
1668435060000,1261,1257.29,1258.69
1668435120000,1260.34,1257.63,1258.37
1668435180000,1259.21,1257.51,1258.43
1668435240000,1259.34,1256.07,1256.16
1668435300000,1258.85,1255.82,1257.5
1668435360000,1257.96,1254.34,1255.47
1668435420000,1255.5,1252.69,1254.18
1668435480000,1256.55,1253.76,1255.01
1668435540000,1255.56,1251.01,1251.99
1668435600000,1252.65,1248.38,1251.95
1668435660000,1254.58,1251.94,1253.76
1668435720000,1254.55,1251.55,1252.3
1668435780000,1254.17,1250.75,1251.78
1668435840000,1253.23,1251.54,1252.18
1668435900000,1252.95,1249.36,1250.37
1668435960000,1250.77,1248.45,1248.45
1668436020000,1249.59,1245.01,1248.09
1668436080000,1251.59,1247.36,1249.14
1668436140000,1251.27,1249.09,1250.42
1668436200000,1254.92,1249.89,1253.41
1668436260000,1254.89,1252.04,1253.85
1668436320000,1254.2,1250.52,1250.87
1668436380000,1251.27,1243.24,1246.14
1668436440000,1248.89,1245.66,1245.93
1668436500000,1247,1242.73,1244.19
1668436560000,1245.86,1242.87,1243.19
1668436620000,1243.61,1235,1241.97
1668436680000,1245.2,1241.97,1242.76
1668436740000,1246.99,1242.76,1246.14
1668436800000,1248.23,1245.12,1245.85
1668436860000,1247.65,1245.79,1247.39
1668436920000,1249,1246.32,1247.18
1668436980000,1248.36,1245.66,1246.94
1668437040000,1247.17,1244.5,1245.38
1668437100000,1246.29,1244.24,1245.79
1668437160000,1245.95,1242,1242.2
1668437220000,1246.18,1242.16,1245.02
1668437280000,1247.87,1244.18,1247.68
1668437340000,1252.01,1247.22,1249.34
1668437400000,1250.44,1248.84,1249.59
1668437460000,1250.48,1247.26,1250.2
1668437520000,1250.73,1249.01,1249.65
1668437580000,1250.03,1249,1249.02
1668437640000,1250.91,1248.64,1250.34
1668437700000,1254.47,1250.33,1250.54
1668437760000,1251.79,1250.13,1250.89
1668437820000,1252.39,1250.49,1252.01
1668437880000,1252.4,1250.8,1251.38
1668437940000,1252.09,1251.01,1251.8
1668438000000,1254.83,1251.56,1254.83
1668438060000,1255.37,1252.43,1253.2
1668438120000,1253.13,1251.39,1251.74
1668438180000,1252.6,1251,1251.55
1668438240000,1251.55,1249.95,1249.95
1668438300000,1251.11,1249.27,1250.11
1668438360000,1251.77,1249.78,1251.77
1668438420000,1253.41,1251.47,1252.48
1668438480000,1253.71,1252.35,1253.7
1668438540000,1253.71,1252.03,1252.96
1668438600000,1253.56,1252.74,1253.04
1668438660000,1254.49,1251.58,1252.38
1668438720000,1252.92,1250.77,1251.05
1668438780000,1252.79,1251.04,1251.46
1668438840000,1253.64,1251.46,1252.72
1668438900000,1253.34,1251.38,1252.62
1668438960000,1253.34,1252.27,1252.95
1668439020000,1252.96,1251.51,1251.8
1668439080000,1251.8,1247.36,1249.13
1668439140000,1249.44,1247.92,1248.99
1668439200000,1249.88,1246,1246
1668439260000,1247.91,1245.37,1247.16
1668439320000,1248.61,1245.87,1248.52
1668439380000,1249,1246.14,1246.52
1668439440000,1247.18,1244.55,1245.82
1668439500000,1248.23,1245.81,1247.19
1668439560000,1247.19,1243,1243
1668439620000,1245.43,1242.01,1242.02
1668439680000,1242.3,1237.38,1238.96
1668439740000,1242.25,1238.58,1241.28
1668439800000,1241.28,1238.5,1238.74
1668439860000,1239.18,1235.26,1236.51
1668439920000,1240.21,1236.51,1240.2
1668439980000,1243.37,1239.03,1243
1668440040000,1243,1240.33,1240.51
1668440100000,1240.87,1239.55,1239.72
1668440160000,1242.6,1239.71,1242.43
1668440220000,1244.68,1241.43,1241.97
1668440280000,1242.85,1241.01,1242.85
1668440340000,1245.15,1242.84,1243.43
1668440400000,1244.87,1243.09,1243.65
1668440460000,1244.55,1243,1244.23
1668440520000,1244.7,1243.14,1244.28
1668440580000,1244.83,1243.18,1244.54
1668440640000,1245.2,1244.08,1244.51
1668440700000,1245.54,1243.74,1245.23
1668440760000,1246.77,1245.02,1245.61
1668440820000,1245.62,1242.81,1244.43
1668440880000,1245.36,1244.1,1244.5
1668440940000,1245.27,1244.1,1244.56
1668441000000,1244.56,1242.73,1243.52
1668441060000,1246.36,1243.46,1246.36
1668441120000,1247.44,1244.8,1245.29
1668441180000,1245.67,1244.24,1245.56
1668441240000,1247,1245.54,1245.54
1668441300000,1246.34,1244.73,1246.18
1668441360000,1246.18,1244.35,1245.57
1668441420000,1245.97,1244.62,1245.4
1668441480000,1246.58,1245.39,1245.85
1668441540000,1246.36,1244.65,1245.32
1668441600000,1245.66,1243.47,1243.68
1668441660000,1244.57,1241.23,1241.54
1668441720000,1245.61,1241.53,1245.54
1668441780000,1246.67,1244.11,1244.46
1668441840000,1246.64,1244.32,1246.63
1668441900000,1249.76,1246.63,1247.69
1668441960000,1248.46,1245.42,1246.26
1668442020000,1247.22,1245.61,1246.81
1668442080000,1247.22,1245.86,1246.34
1668442140000,1246.83,1245.58,1245.91
1668442200000,1246.08,1243.09,1243.1
1668442260000,1243.2,1238.13,1238.66
1668442320000,1240.53,1236.01,1237.19
1668442380000,1238.78,1236.01,1236.6
1668442440000,1238.58,1235.87,1237.47
1668442500000,1238.46,1235.25,1235.44
1668442560000,1235.49,1228.74,1230.58
1668442620000,1232.51,1229.33,1229.47
1668442680000,1230.79,1228.58,1228.69
1668442740000,1230.44,1228.21,1228.75
1668442800000,1231.72,1226.44,1231.6
1668442860000,1233.44,1230.26,1231.96
1668442920000,1231.96,1230.16,1230.44
1668442980000,1234,1229.76,1232.65
1668443040000,1233.46,1231.5,1232.04
1668443100000,1233.31,1231.93,1233.3
1668443160000,1234.59,1232.28,1233.09
1668443220000,1234,1232.62,1232.97
1668443280000,1234.23,1232.78,1233.64
1668443340000,1235,1233.25,1234.4
1668443400000,1234.98,1233.09,1233.1
1668443460000,1234,1231.12,1233.99
1668443520000,1234.91,1232.64,1233.71
1668443580000,1234.35,1232.95,1233.97
1668443640000,1237.43,1233.96,1236.68
1668443700000,1238.52,1234.14,1238.07
1668443760000,1239,1236.28,1237.29
1668443820000,1237.45,1235.04,1235.07
1668443880000,1236.95,1235.06,1236.34
1668443940000,1236.62,1235.42,1235.65
1668444000000,1236.61,1235,1235.3
1668444060000,1236.6,1235.1,1236.14
1668444120000,1241.12,1235.39,1236.91
1668444180000,1236.94,1236.15,1236.43
1668444240000,1236.82,1231.03,1232.09
1668444300000,1234,1231.29,1231.65
1668444360000,1235.62,1231.63,1234.63
1668444420000,1234.74,1232.25,1234.05
1668444480000,1235.33,1233.38,1233.92
1668444540000,1237.76,1233.92,1237.34
1668444600000,1238.7,1235.6,1236.32
1668444660000,1236.95,1234.38,1234.39
1668444720000,1235.2,1232.48,1233.64
1668444780000,1233.86,1232.68,1232.78
1668444840000,1233.62,1231.01,1231.33
1668444900000,1231.91,1230,1230.44
1668444960000,1230.53,1229.06,1230.07
1668445020000,1231.41,1230.07,1231.27
1668445080000,1231.46,1229.52,1230.72
1668445140000,1232.39,1230.72,1231.31
1668445200000,1233.35,1230.93,1233.34
1668445260000,1234.23,1232.42,1234.12
1668445320000,1235.86,1234.12,1234.7
1668445380000,1236.96,1230.99,1231.33
1668445440000,1233.14,1231.08,1231.68
1668445500000,1231.68,1227.51,1230.09
1668445560000,1234.65,1230.09,1234.4
1668445620000,1235.12,1232.78,1234.42
1668445680000,1236.5,1233.67,1235.9
1668445740000,1235.9,1234.18,1234.87
1668445800000,1235.54,1234.23,1235.42
1668445860000,1236.44,1235.21,1235.72
1668445920000,1236.89,1235.44,1235.66
1668445980000,1236.2,1234.52,1235.69
1668446040000,1236.37,1235,1236.16
1668446100000,1236.5,1235.96,1236.27
1668446160000,1237.91,1236.26,1236.96
1668446220000,1237.69,1236.83,1236.84
1668446280000,1237,1235.06,1235.53
1668446340000,1235.91,1234.25,1234.53
1668446400000,1235.45,1233.43,1233.44
1668446460000,1234.19,1233,1233.52
1668446520000,1235.26,1232.83,1235.16
1668446580000,1236.16,1233.74,1234.07
1668446640000,1234.65,1233.61,1234.64
1668446700000,1235.26,1233.5,1233.89
1668446760000,1234.36,1233.31,1233.67
1668446820000,1233.67,1232.02,1233.19
1668446880000,1234.3,1233.18,1234.29
1668446940000,1237.21,1234.29,1235.24
1668447000000,1235.73,1233.45,1234.12
1668447060000,1236.81,1234.12,1235.97
1668447120000,1238.23,1235.97,1236.91
1668447180000,1241.94,1236.91,1239.56
1668447240000,1241.24,1238.7,1240.36
1668447300000,1240.59,1239,1239.01
1668447360000,1239.85,1238.35,1239.12
1668447420000,1239.79,1238.77,1239.24
1668447480000,1240.96,1238.96,1240.58
1668447540000,1241.18,1239.3,1241.05
1668447600000,1242.39,1240.1,1241.14
1668447660000,1241.15,1239.84,1240.42
1668447720000,1241.26,1240.03,1241.25
1668447780000,1241.5,1240.38,1240.76
1668447840000,1242.67,1240.08,1241.51
1668447900000,1242,1240.26,1241.17
1668447960000,1242.32,1239.44,1242.32
1668448020000,1244.33,1241.08,1241.33
1668448080000,1241.34,1240.15,1240.21
1668448140000,1240.37,1239.17,1240.37
1668448200000,1241,1239.92,1240.01
1668448260000,1240.82,1239,1240
1668448320000,1240.43,1239.09,1239.2
1668448380000,1240,1239.2,1239.99
1668448440000,1240.87,1239.99,1240.11
1668448500000,1240.76,1238.85,1238.85
1668448560000,1240,1238.85,1239.99
1668448620000,1240.75,1239.83,1240.36
1668448680000,1240.98,1239.55,1240.78
1668448740000,1240.95,1239.85,1240.95
1668448800000,1241.24,1240.44,1240.58
1668448860000,1240.96,1240,1240.29
1668448920000,1241.18,1239.53,1240.7
1668448980000,1241.1,1240.31,1240.92
1668449040000,1241.47,1240.74,1241.29
1668449100000,1242.44,1240.77,1240.78
1668449160000,1240.78,1239.22,1239.66
1668449220000,1240.8,1239.66,1240.02
1668449280000,1240.8,1240.01,1240.36
1668449340000,1240.37,1239.38,1240.01
1668449400000,1240.28,1239.49,1240
1668449460000,1240,1237.95,1237.96
1668449520000,1238.02,1236.89,1237.69
1668449580000,1238.9,1237.24,1237.28
1668449640000,1237.7,1235.95,1237.69
1668449700000,1238.03,1237.19,1237.69
1668449760000,1238.47,1237.42,1238.47
1668449820000,1239.73,1238.46,1239.26
1668449880000,1240.44,1238.93,1239.45
1668449940000,1239.79,1238.86,1239.32
1668450000000,1240.08,1239.01,1239.88
1668450060000,1240.23,1239.44,1239.67
1668450120000,1240.08,1238.93,1239.48
1668450180000,1239.93,1239.35,1239.72
1668450240000,1239.92,1239.17,1239.68
1668450300000,1240.23,1239.26,1240.06
1668450360000,1240.99,1240.06,1240.54
1668450420000,1241.64,1240.1,1241.23
1668450480000,1246.48,1240.25,1244.08
1668450540000,1244.54,1242.32,1243.25
1668450600000,1246.35,1242.58,1244.38
1668450660000,1244.72,1243.58,1243.7
1668450720000,1245.33,1243.69,1244.37
1668450780000,1245.21,1243.35,1243.35
1668450840000,1243.89,1242.55,1243.54
1668450900000,1244.53,1243.12,1244.17
1668450960000,1244.54,1243.39,1244.1
1668451020000,1245.47,1243.81,1245.08
1668451080000,1245.55,1244.12,1244.98
1668451140000,1245.38,1244,1245.13
1668451200000,1245.57,1244.44,1244.96
1668451260000,1245,1244.1,1244.17
1668451320000,1244.46,1243.58,1243.95
1668451380000,1244.05,1243.52,1243.65
1668451440000,1244.57,1243.54,1244.24
1668451500000,1244.6,1243.63,1244.13
1668451560000,1244.13,1243,1243.38
1668451620000,1243.99,1243.11,1243.83
1668451680000,1245.75,1243.64,1244.22
1668451740000,1244.22,1243.6,1243.68
1668451800000,1243.68,1243.14,1243.43
1668451860000,1243.81,1243.06,1243.8
1668451920000,1243.96,1243.62,1243.85
1668451980000,1245,1243.51,1245
1668452040000,1245.17,1244.1,1244.65
1668452100000,1245.48,1244.45,1245.47
1668452160000,1245.78,1244.21,1244.21
1668452220000,1244.22,1243.19,1243.71
1668452280000,1243.72,1241.56,1242.55
1668452340000,1243.16,1242.12,1243.03
1668452400000,1243.34,1242.46,1242.46
1668452460000,1242.64,1241.47,1242.07
1668452520000,1243.1,1241.92,1242.57
1668452580000,1243.09,1242.45,1242.83
1668452640000,1243.07,1242.41,1243.05
1668452700000,1243.73,1242.64,1242.72
1668452760000,1242.72,1241.46,1241.47
1668452820000,1241.98,1240.01,1241.96
1668452880000,1242.98,1241.96,1242.48
1668452940000,1242.54,1241.97,1242.36
1668453000000,1242.37,1241.46,1241.73
1668453060000,1241.73,1238.29,1238.29
1668453120000,1239.34,1237.12,1238.71
1668453180000,1239.32,1237.28,1237.45
1668453240000,1238.23,1233.54,1235.66
1668453300000,1236.16,1231.7,1231.87
1668453360000,1233.99,1231.8,1231.81
1668453420000,1232.44,1229.37,1230.82
1668453480000,1234,1230.5,1233.93
1668453540000,1234.64,1232,1232
1668453600000,1232.01,1230,1231.02
1668453660000,1231.02,1229.12,1230.47
1668453720000,1233.63,1230.47,1233.56
1668453780000,1234.59,1233.13,1234.4
1668453840000,1236.16,1233.62,1234.42
1668453900000,1234.82,1233.14,1233.45
1668453960000,1234.23,1231.68,1232.01
1668454020000,1232.52,1231.3,1231.68
1668454080000,1233.87,1231.68,1233.86
1668454140000,1233.87,1232.97,1233.7
1668454200000,1233.92,1232.5,1232.66
1668454260000,1233.23,1231.69,1231.89
1668454320000,1231.9,1230.5,1231.55
1668454380000,1232.39,1230.93,1231.4
1668454440000,1231.41,1229,1231.09
1668454500000,1231.72,1230.65,1231.29
1668454560000,1233.5,1231.29,1232.6
1668454620000,1232.86,1231.62,1232.38
1668454680000,1232.49,1231.35,1231.59
1668454740000,1232.7,1231.46,1231.76
1668454800000,1232.95,1231.76,1232.84
1668454860000,1232.85,1231.87,1232.43
1668454920000,1233.1,1231.61,1231.61
1668454980000,1232.07,1227.59,1227.79
1668455040000,1228.7,1221.31,1221.81
1668455100000,1222.82,1218.31,1218.38
1668455160000,1220.4,1213.37,1214.45
1668455220000,1219,1213.98,1214.35
1668455280000,1217.15,1214.2,1215.86
1668455340000,1218.63,1215.8,1218.63
1668455400000,1222.35,1218.53,1221.83
1668455460000,1223.92,1221.82,1222.45
1668455520000,1223.17,1221.94,1222.26
1668455580000,1222.27,1214.45,1214.7
1668455640000,1218.65,1213.51,1217.26
1668455700000,1217.59,1210.03,1213.09
1668455760000,1214.7,1210.27,1213.45
1668455820000,1213.96,1211.57,1213.44
1668455880000,1215.54,1212.12,1213.22
1668455940000,1216.47,1212.23,1216.27
1668456000000,1218.27,1214.81,1217.85
1668456060000,1219.7,1217.36,1217.92
1668456120000,1219.75,1217.91,1218.86
1668456180000,1222.64,1218.48,1222.49
1668456240000,1222.71,1219.06,1219.74
1668456300000,1219.75,1214.29,1215.95
1668456360000,1216.05,1211.66,1213.71
1668456420000,1216.15,1213.21,1213.38
1668456480000,1216.9,1213.38,1215.23
1668456540000,1215.35,1211.3,1213.02
1668456600000,1216.5,1213.02,1214.88
1668456660000,1215.31,1211.3,1211.4
1668456720000,1213.91,1211.05,1211.61
1668456780000,1213.33,1210.29,1210.3
1668456840000,1213.99,1210.09,1213.88
1668456900000,1215.5,1213.7,1214.56
1668456960000,1216.47,1214.53,1215.8
1668457020000,1218.06,1215.72,1217.72
1668457080000,1220.07,1216.86,1218.11
1668457140000,1219.46,1217.09,1218.9
1668457200000,1218.93,1217.3,1218.93
1668457260000,1218.93,1216.27,1216.69
1668457320000,1217.35,1216,1217.01
1668457380000,1218.63,1217,1217.09
1668457440000,1218.83,1217,1217.67
1668457500000,1217.8,1216.45,1217.48
1668457560000,1218.29,1217.38,1218.1
1668457620000,1218.1,1217.15,1217.72
1668457680000,1217.82,1215,1215.76
1668457740000,1217.97,1215.5,1216.95
1668457800000,1217.85,1215.07,1216.27
1668457860000,1217.5,1216.01,1216.58
1668457920000,1216.92,1216.17,1216.47
1668457980000,1216.48,1214,1215.41
1668458040000,1217.06,1215.41,1216.35
1668458100000,1216.9,1215.8,1216.33
1668458160000,1217.42,1216.31,1217.42
1668458220000,1219.7,1217.41,1219.3
1668458280000,1220.49,1219.3,1220.14
1668458340000,1221.58,1219.6,1219.84
1668458400000,1219.85,1216.52,1216.63
1668458460000,1218.38,1216.12,1216.99
1668458520000,1217.87,1216.68,1217.16
1668458580000,1217.54,1216.57,1217.53
1668458640000,1218,1217.38,1217.55
1668458700000,1217.56,1216.32,1216.62
1668458760000,1216.94,1215.28,1215.29
1668458820000,1215.93,1213.76,1213.88
1668458880000,1214.94,1213.19,1213.51
1668458940000,1215.61,1213.51,1215.58
1668459000000,1216.65,1214.65,1214.65
1668459060000,1214.66,1213.12,1214.25
1668459120000,1216.64,1214.24,1215.01
1668459180000,1215.39,1214.25,1214.48
1668459240000,1214.55,1213.65,1214.35
1668459300000,1215.87,1214.35,1214.77
1668459360000,1214.99,1213.81,1214.39
1668459420000,1214.99,1213.7,1214.85
1668459480000,1215.99,1214.42,1215.99
1668459540000,1217.5,1215.86,1215.96
1668459600000,1216.47,1214.09,1216.43
1668459660000,1217.8,1215.97,1217.01
1668459720000,1219.27,1217,1219.19
1668459780000,1220.37,1218.59,1219.14
1668459840000,1219.3,1217.89,1218.05
1668459900000,1219.84,1218.04,1219.55
1668459960000,1219.56,1218.03,1218.13
1668460020000,1218.5,1216.68,1217.01
1668460080000,1218.17,1216.8,1218.14
1668460140000,1219,1217.82,1217.92
1668460200000,1218.34,1216.67,1217.13
1668460260000,1217.51,1216.01,1217.47
1668460320000,1218.94,1217.47,1218.16
1668460380000,1219.44,1218.16,1219.44
1668460440000,1219.96,1219.19,1219.35
1668460500000,1220.25,1219.05,1220.13
1668460560000,1222.45,1220.12,1222.15
1668460620000,1223.98,1221.95,1223
1668460680000,1223.24,1222,1222.21
1668460740000,1223.19,1222,1223.19
1668460800000,1223.32,1222,1222.59
1668460860000,1222.6,1220.78,1222.23
1668460920000,1223.3,1222.21,1222.76
1668460980000,1223.5,1222.06,1222.77
1668461040000,1223.37,1222.16,1223.21
1668461100000,1226.63,1222.59,1223.91
1668461160000,1224.09,1222.97,1223.3
1668461220000,1223.63,1222.46,1223.63
1668461280000,1223.85,1223,1223.21
1668461340000,1223.58,1222.54,1223.11
1668461400000,1224.55,1222.54,1224.55
1668461460000,1227.77,1224.55,1225.1
1668461520000,1227.08,1225.09,1225.18
1668461580000,1225.26,1224.1,1224.7
1668461640000,1224.94,1224.43,1224.52
1668461700000,1226.01,1224.42,1225.12
1668461760000,1226,1224.94,1225.16
1668461820000,1226.62,1225.16,1225.49
1668461880000,1225.73,1224.6,1225.08
1668461940000,1225.89,1224.95,1225.45
1668462000000,1225.45,1224.68,1225.42
1668462060000,1225.94,1224.95,1225.69
1668462120000,1225.95,1225,1225.67
1668462180000,1226,1225.18,1225.99
1668462240000,1226.4,1225.25,1226.39
1668462300000,1226.89,1225.76,1225.91
1668462360000,1225.92,1223.64,1224.54
1668462420000,1224.82,1223.52,1224.46
1668462480000,1225.27,1224.45,1225.11
1668462540000,1225.46,1224.6,1224.6
1668462600000,1225.2,1224.23,1224.58
1668462660000,1225.75,1224.58,1225.75
1668462720000,1226.67,1225.74,1226.29
1668462780000,1226.91,1225.56,1226.4
1668462840000,1228.26,1226.39,1227.77
1668462900000,1228.16,1226.94,1227.23
1668462960000,1227.98,1227.23,1227.76
1668463020000,1228.34,1227.12,1227.38
1668463080000,1228.62,1227.37,1228.3
1668463140000,1228.75,1227.5,1227.51
1668463200000,1227.51,1225.52,1225.6
1668463260000,1226.91,1225.59,1226.83
1668463320000,1228.99,1226.83,1228.4
1668463380000,1228.4,1226.12,1226.25
1668463440000,1228.34,1226.24,1227.45
1668463500000,1228.35,1227.33,1228.2
1668463560000,1228.36,1227.38,1227.56
1668463620000,1228.16,1227.47,1227.82
1668463680000,1228.5,1227.69,1228.12
1668463740000,1228.13,1225.48,1225.68
1668463800000,1226.56,1225.2,1225.22
1668463860000,1225.91,1224.15,1224.4
1668463920000,1225.36,1224.39,1225.07
1668463980000,1225.42,1224.75,1224.86
1668464040000,1225.91,1224.72,1225.54
1668464100000,1225.96,1225.54,1225.67
1668464160000,1225.67,1224.56,1224.94
1668464220000,1225.65,1224.94,1224.97
1668464280000,1225.97,1224.76,1225.9
1668464340000,1226.59,1225.89,1226.24
1668464400000,1226.8,1225.31,1225.32
1668464460000,1226.28,1225.31,1225.9
1668464520000,1226.41,1225.9,1226.3
1668464580000,1226.31,1225.4,1225.75
1668464640000,1226.06,1225.44,1226.06
1668464700000,1226.17,1225.61,1226.12
1668464760000,1226.21,1223.64,1223.78
1668464820000,1224.84,1223.42,1224.06
1668464880000,1224.14,1222.94,1222.94
1668464940000,1223.82,1220.9,1223.45
1668465000000,1223.57,1222.77,1223.39
1668465060000,1223.39,1221.58,1221.99
1668465120000,1221.92,1213.82,1217.99
1668465180000,1218,1214.09,1216.92
1668465240000,1219.16,1216.91,1219.1
1668465300000,1219.22,1217.13,1218.33
1668465360000,1219.28,1216.64,1217.25
1668465420000,1218.66,1217.24,1218.66
1668465480000,1219.56,1217.85,1218.82
1668465540000,1219.98,1218.65,1219.84
1668465600000,1219.84,1218.86,1218.97
1668465660000,1218.98,1217.56,1217.71
1668465720000,1218.69,1217.28,1218.3
1668465780000,1219.4,1218.25,1219.22
1668465840000,1219.93,1216.74,1216.93
1668465900000,1217.43,1215.56,1217.43
1668465960000,1220.2,1217.42,1219.29
1668466020000,1221.2,1219.28,1221.19
1668466080000,1224.26,1221.19,1223.21
1668466140000,1224.87,1223.2,1224.2
1668466200000,1224.2,1223.27,1223.28
1668466260000,1223.61,1223.13,1223.6
1668466320000,1223.66,1222.61,1222.93
1668466380000,1223.67,1222.92,1223.24
1668466440000,1223.74,1222.66,1223.42
1668466500000,1223.42,1221.75,1222.76
1668466560000,1222.9,1221.89,1221.95
1668466620000,1221.95,1220.83,1221.31
1668466680000,1221.87,1220.85,1221.72
1668466740000,1221.72,1220,1220.01
1668466800000,1221.18,1219.86,1221.12
1668466860000,1228.67,1221.11,1228.67
1668466920000,1228.67,1225.5,1225.63
1668466980000,1225.64,1224,1224.92
1668467040000,1225.56,1224.42,1225.1
1668467100000,1227.5,1224.88,1226.05
1668467160000,1235,1226.04,1234.43
1668467220000,1234.5,1231.66,1233.96
1668467280000,1236.81,1233.04,1235.5
1668467340000,1236.84,1234,1235.11
1668467400000,1235.11,1233.13,1233.14
1668467460000,1234.4,1232.34,1233.75
1668467520000,1234.8,1232.5,1232.88
1668467580000,1233.33,1231.67,1232.22
1668467640000,1233.88,1232.21,1232.95
1668467700000,1240,1232.57,1239.32
1668467760000,1239.33,1236.73,1237.35
1668467820000,1238.14,1236.23,1237.62
1668467880000,1246.69,1237.34,1242.51
1668467940000,1243.11,1240.19,1240.48
1668468000000,1240.76,1239.08,1239.44
1668468060000,1240.73,1239.04,1239.69
1668468120000,1240.24,1238.84,1239.18
1668468180000,1240.15,1238.74,1239.09
1668468240000,1239.76,1238.67,1239.52
1668468300000,1240.5,1239.17,1239.8
1668468360000,1240.68,1239.17,1239.3
1668468420000,1239.5,1237.61,1238.83
1668468480000,1239,1237.74,1238.49
1668468540000,1238.82,1238.11,1238.73
1668468600000,1239.5,1238.73,1239.17
1668468660000,1241.25,1238.93,1240.74
1668468720000,1242.61,1240.61,1242.4
1668468780000,1242.61,1241.43,1242.32
1668468840000,1245.83,1242.3,1244.72
1668468900000,1249.92,1244,1246.87
1668468960000,1246.87,1244.9,1244.9
1668469020000,1245.62,1244.46,1244.65
1668469080000,1245.91,1244.39,1245.19
1668469140000,1245.77,1244.5,1244.68
1668469200000,1245.68,1244.68,1245.36
1668469260000,1246.22,1244.9,1245.47
1668469320000,1249.97,1245.11,1247.41
1668469380000,1248.34,1247.29,1247.96
1668469440000,1247.97,1246.81,1247.18
1668469500000,1247.98,1244.82,1245.4
1668469560000,1246.1,1244.76,1244.77
1668469620000,1245.48,1244.22,1244.61
1668469680000,1245.27,1243.18,1244.2
1668469740000,1245.4,1244.17,1244.58
1668469800000,1245.35,1244.57,1244.99
1668469860000,1245.01,1242.79,1243.38
1668469920000,1244.5,1241.64,1241.96
1668469980000,1242.73,1241.58,1242.61
1668470040000,1242.99,1242.43,1242.46
1668470100000,1243.35,1241.78,1241.98
1668470160000,1241.99,1240.28,1241.64
1668470220000,1242.91,1241.63,1242.57
1668470280000,1242.95,1241.64,1242.19
1668470340000,1243.45,1242.19,1243.28